move_id,container_id,vessel_id,crane_id,container_size,move_type,start_time,end_time,storage_slot
20000,CONT692027,VESS_031,RTG22,40ft,LOAD,2026-04-07 17:34,2026-04-07 17:40,Y37-S16
20001,CONT400283,VESS_002,QC04,20ft,LOAD,2026-01-04 0:53,2026-01-04 1:25,Y27-S18
20002,CONT229654,VESS_104,QC10,20ft,DSCH,2026-03-13 10:39,2026-03-13 10:57,Y41-S19
20003,CONT738412,VESS_035,RTG33,40ft,LOAD,2026-02-11 12:54,2026-02-11 13:02,Y44-S26
20004,CONT271279,VESS_002,QC05,20ft,DSCH,2026-01-31 10:03,2026-01-31 10:37,Y42-S06
20005,CONT817396,VESS_104,RTG29,40ft,LOAD,2026-03-30 14:00,2026-03-30 14:22,Y15-S27
20006,CONT789699,VESS_093,QC08,20ft,DSCH,2026-02-06 4:39,2026-02-06 4:46,Y49-S26
20007,CONT972153,VESS_057,RTG20,20ft,DSCH,2026-01-21 8:26,2026-01-21 8:48,Y22-S29
20008,CONT743767,VESS_035,RTG36,40ft,DSCH,2026-03-23 9:04,2026-03-23 9:10,Y09-S17
20009,CONT863487,VESS_005,QC09,20ft,LOAD,2026-02-10 12:08,2026-02-10 12:20,Y54-S19
20010,CONT851707,VESS_109,QC06,20ft,LOAD,2026-03-20 5:18,2026-03-20 5:44,Y02-S19
20011,CONT765984,VESS_031,RTG31,40ft,DSCH,2026-02-01 23:33,2026-02-02 0:07,Y03-S16
20012,CONT515108,VESS_082,RTG11,20ft,LOAD,2026-01-26 11:45,2026-01-26 12:00,Y41-S12
20013,CONT283046,VESS_082,QC05,20ft,LOAD,2026-01-23 23:17,2026-01-23 23:49,Y29-S06
20014,CONT922625,VESS_021,QC02,40ft,LOAD,2026-01-11 11:49,2026-01-11 11:54,Y16-S24
20015,CONT654895,VESS_048,QC10,20ft,LOAD,2026-03-15 21:28,2026-03-15 21:48,Y29-S02
20016,CONT933157,VESS_055,QC05,40ft,LOAD,2026-01-28 23:17,2026-01-28 23:49,Y08-S06
20017,CONT567598,VESS_065,RTG13,20ft,LOAD,2026-01-28 2:11,2026-01-28 2:36,Y20-S29
20018,CONT872288,VESS_048,QC01,20ft,DSCH,2026-01-24 6:00,2026-01-24 6:18,Y30-S06
20019,CONT153641,VESS_039,RTG22,20ft,LOAD,2026-01-04 1:39,2026-01-04 2:01,Y42-S18
20020,CONT818782,VESS_096,RTG22,40ft,DSCH,2026-03-27 4:42,,Y08-S20
20021,CONT162935,VESS_055,QC11,20ft,DSCH,2026-03-21 13:19,2026-03-21 13:34,Y39-S22
20022,CONT243125,VESS_027,RTG22,20ft,LOAD,2026-03-12 10:56,2026-03-12 11:19,Y29-S26
20023,CONT874456,VESS_057,RTG24,40ft,DSCH,2026-02-16 12:02,2026-02-16 12:24,Y33-S02
20024,CONT110928,VESS_005,RTG24,20ft,LOAD,2026-03-15 19:05,2026-03-15 19:14,Y32-S01
20025,CONT457866,VESS_055,RTG22,20ft,LOAD,2026-01-11 7:45,2026-01-11 7:52,Y34-S20
20026,CONT941388,VESS_093,QC07,40ft,LOAD,2026-01-07 14:36,2026-01-07 14:47,Y60-S14
20027,CONT522636,VESS_008,RTG36,20ft,DSCH,2026-01-17 12:37,2026-01-17 12:54,Y49-S29
20028,CONT544984,VESS_002,RTG11,40ft,LOAD,2026-02-20 0:33,2026-02-20 0:58,Y16-S28
20029,CONT509611,VESS_013,QC05,20ft,LOAD,2026-03-02 22:17,2026-03-02 22:34,Y39-S17
20030,CONT319888,VESS_082,RTG23,40ft,LOAD,2026-01-31 9:48,2026-01-31 10:05,Y36-S07
20031,CONT710630,VESS_057,RTG28,20ft,DSCH,2026-02-26 19:47,2026-02-26 19:54,Y35-S17
20032,CONT568050,VESS_031,QC09,40ft,LOAD,2026-02-14 2:41,2026-02-14 2:54,Y07-S15
20033,CONT309426,VESS_082,RTG27,20ft,LOAD,2026-02-28 13:33,2026-02-28 13:50,Y35-S07
20034,CONT601974,VESS_013,RTG10,20ft,LOAD,2026-02-17 18:53,2026-02-17 19:02,Y32-S30
20035,CONT731777,VESS_096,RTG26,40ft,DSCH,2026-02-13 15:17,2026-02-13 15:25,Y47-S25
20036,CONT620559,VESS_057,QC09,20ft,LOAD,2026-01-27 9:37,2026-01-27 9:53,Y10-S25
20037,CONT238635,VESS_032,RTG31,20ft,LOAD,2026-01-17 8:38,2026-01-17 8:56,Y14-S04
20038,CONT620175,VESS_048,RTG11,40ft,DSCH,2026-03-12 8:03,2026-03-12 8:38,Y41-S01
20039,CONT721038,VESS_005,RTG02,20ft,DSCH,2026-02-20 7:07,2026-02-20 7:35,Y30-S07
20040,CONT578361,VESS_013,RTG09,20ft,LOAD,2026-01-25 2:04,2026-01-25 2:11,Y19-S21
20041,CONT424951,VESS_057,RTG29,40ft,LOAD,2026-03-22 15:46,2026-03-22 15:57,Y54-S18
20042,CONT749208,VESS_055,RTG17,20ft,LOAD,2026-04-03 3:58,2026-04-03 4:25,Y21-S08
20043,CONT740191,VESS_104,RTG32,20ft,DSCH,2026-03-23 16:25,2026-03-23 16:31,Y13-S15
20044,CONT532743,VESS_106,RTG32,20ft,LOAD,2026-01-04 11:25,2026-01-04 11:43,Y28-S25
20045,CONT618401,VESS_005,RTG22,40ft,LOAD,2026-01-02 12:24,2026-01-02 12:33,Y04-S23
20046,CONT265886,VESS_008,RTG02,20ft,LOAD,2026-03-03 17:27,2026-03-03 17:32,Y31-S14
20047,CONT209221,VESS_057,RTG27,20ft,LOAD,2026-01-09 5:06,2026-01-09 5:11,Y04-S21
20048,CONT624159,VESS_027,RTG12,40ft,LOAD,2026-02-28 20:14,2026-02-28 20:23,Y52-S04
20049,CONT143014,VESS_055,QC07,20ft,DSCH,2026-01-29 13:42,2026-01-29 14:08,Y49-S10
20050,CONT542283,VESS_008,QC08,20ft,LOAD,2026-01-18 7:36,2026-01-18 8:02,Y47-S11
20051,CONT807000,VESS_104,RTG16,20ft,LOAD,2026-02-14 12:45,2026-02-14 13:10,Y55-S02
20052,CONT813145,VESS_096,RTG35,20ft,DSCH,2026-01-27 20:08,2026-01-27 20:42,Y22-S19
20053,CONT844147,VESS_109,RTG03,40ft,LOAD,2026-03-18 17:36,2026-03-18 17:41,Y59-S12
20054,CONT444924,VESS_005,QC04,20ft,DSCH,2026-02-05 6:03,2026-02-05 6:33,Y33-S16
20055,CONT102259,VESS_035,RTG06,20ft,DSCH,2026-02-14 7:47,2026-02-14 7:52,Y59-S07
20056,CONT175560,VESS_109,RTG22,20ft,DSCH,2026-02-01 8:33,2026-02-01 9:01,Y19-S29
20057,CONT339822,VESS_008,QC10,40ft,DSCH,2026-02-18 23:56,2026-02-19 0:21,Y06-S27
20058,CONT415791,VESS_104,QC11,20ft,DSCH,2026-03-25 20:11,2026-03-25 20:22,Y15-S16
20059,CONT380106,VESS_109,QC09,20ft,LOAD,2026-03-08 4:10,2026-03-08 4:16,Y12-S10
20060,CONT393049,VESS_093,RTG20,20ft,LOAD,2026-03-27 1:32,2026-03-27 2:01,Y27-S05
20061,CONT123974,VESS_096,RTG21,40ft,LOAD,2026-02-04 23:20,2026-02-04 23:32,Y40-S14
20062,CONT729643,VESS_082,RTG11,20ft,DSCH,2026-03-19 15:58,2026-03-19 16:04,Y27-S07
20063,CONT893040,VESS_096,RTG08,20ft,LOAD,2026-02-05 18:16,2026-02-05 18:45,Y53-S19
20064,CONT942603,VESS_109,RTG33,20ft,LOAD,2026-04-08 13:01,2026-04-08 13:22,Y28-S01
20065,CONT743839,VESS_096,RTG21,40ft,DSCH,2026-01-16 3:34,2026-01-16 4:08,Y29-S18
20066,CONT799611,VESS_061,RTG03,20ft,DSCH,2026-02-18 3:19,2026-02-18 3:39,Y46-S05
20067,CONT645510,VESS_013,QC02,20ft,DSCH,2026-04-05 1:35,2026-04-05 1:51,Y45-S16
20068,CONT398092,VESS_032,QC09,20ft,DSCH,2026-02-21 2:22,2026-02-21 2:28,Y10-S10
20069,CONT610775,VESS_035,RTG07,20ft,DSCH,2026-03-29 5:36,2026-03-29 6:07,Y03-S21
20070,CONT407755,VESS_109,RTG04,20ft,DSCH,2026-02-11 0:18,2026-02-11 0:41,Y33-S22
20071,CONT162237,VESS_008,QC01,20ft,LOAD,2026-01-18 2:00,,Y58-S10
20072,CONT448780,VESS_008,QC10,20ft,DSCH,2026-01-18 0:22,2026-01-18 0:36,Y08-S12
20073,CONT629713,VESS_013,RTG26,20ft,DSCH,2026-03-17 7:18,2026-03-17 7:39,Y01-S12
20074,CONT728843,VESS_032,QC10,20ft,DSCH,2026-04-03 12:27,2026-04-03 12:39,Y25-S27
20075,CONT404459,VESS_104,RTG22,20ft,DSCH,2026-03-19 12:17,2026-03-19 12:34,Y40-S12
20076,CONT457544,VESS_039,RTG09,40ft,DSCH,2026-02-14 13:40,2026-02-14 14:10,Y36-S25
20077,CONT505435,VESS_013,RTG22,20ft,DSCH,2026-02-15 1:48,2026-02-15 2:01,Y49-S13
20078,CONT738278,VESS_065,QC10,20ft,LOAD,2026-01-28 8:51,2026-01-28 9:16,Y12-S12
20079,CONT984703,VESS_061,QC10,20ft,LOAD,2026-01-15 18:01,2026-01-15 18:34,Y08-S06
20080,CONT318120,VESS_096,RTG28,20ft,DSCH,2026-03-18 23:38,2026-03-19 0:08,Y09-S06
20081,CONT875510,VESS_005,RTG09,20ft,LOAD,2026-04-09 2:23,2026-04-09 2:31,Y48-S16
20082,CONT319259,VESS_005,RTG31,20ft,LOAD,2026-01-17 8:59,2026-01-17 9:16,Y33-S17
20083,CONT295566,VESS_093,QC02,20ft,DSCH,2026-03-14 4:54,2026-03-14 5:15,Y23-S11
20084,CONT674111,VESS_096,QC12,20ft,DSCH,2026-01-31 10:51,2026-01-31 11:24,Y20-S02
20085,CONT526754,VESS_002,RTG34,20ft,LOAD,2026-01-21 14:49,2026-01-21 15:07,Y05-S08
20086,CONT498062,VESS_065,RTG27,20ft,DSCH,2026-01-19 10:12,2026-01-19 10:36,Y48-S22
20087,CONT670363,VESS_027,RTG13,40ft,DSCH,2026-03-24 9:18,,Y26-S20
20088,CONT577246,VESS_096,RTG27,20ft,LOAD,2026-01-13 0:59,2026-01-13 1:27,Y52-S02
20089,CONT528839,VESS_002,RTG07,20ft,DSCH,2026-01-03 18:05,2026-01-03 18:22,Y34-S17
20090,CONT925451,VESS_065,RTG04,20ft,DSCH,2026-02-26 12:22,2026-02-26 12:35,Y39-S14
20091,CONT230529,VESS_035,RTG09,20ft,DSCH,2026-02-28 19:33,2026-02-28 20:08,Y25-S21
20092,CONT322861,VESS_039,RTG10,20ft,LOAD,2026-03-25 9:46,2026-03-25 10:16,Y28-S09
20093,CONT617038,VESS_057,RTG31,20ft,LOAD,2026-01-13 10:58,2026-01-13 11:30,Y41-S19
20094,CONT459473,VESS_031,RTG14,20ft,DSCH,2026-01-27 3:39,2026-01-27 4:00,Y42-S25
20095,CONT992269,VESS_082,RTG36,20ft,LOAD,2026-01-16 23:30,2026-01-16 23:39,Y21-S10
20096,CONT489932,VESS_032,QC08,20ft,LOAD,2026-04-02 15:19,2026-04-02 15:54,Y22-S22
20097,CONT853344,VESS_065,RTG30,20ft,DSCH,2026-02-23 18:08,2026-02-23 18:37,Y52-S19
20098,CONT806629,VESS_104,QC06,40ft,DSCH,2026-03-06 19:14,2026-03-06 19:46,Y55-S26
20099,CONT115484,VESS_032,QC02,20ft,LOAD,2026-01-03 16:57,,Y11-S05
20100,CONT806524,VESS_055,QC11,20ft,DSCH,2026-02-23 2:58,2026-02-23 3:03,Y15-S19
20101,CONT541359,VESS_008,RTG33,20ft,LOAD,2026-03-08 13:45,2026-03-08 13:59,Y13-S22
20102,CONT448192,VESS_008,RTG08,20ft,DSCH,2026-04-06 13:47,,Y30-S22
20103,CONT959532,VESS_013,RTG33,20ft,LOAD,2026-01-09 9:31,2026-01-09 9:47,Y39-S25
20104,CONT328028,VESS_002,RTG21,20ft,LOAD,2026-02-09 22:26,2026-02-09 22:50,Y21-S27
20105,CONT358222,VESS_039,RTG06,20ft,LOAD,2026-03-22 5:11,2026-03-22 5:26,Y29-S04
20106,CONT824310,VESS_093,RTG24,20ft,LOAD,2026-01-04 13:02,,Y27-S09
20107,CONT937848,VESS_031,RTG25,20ft,LOAD,2026-03-23 17:12,2026-03-23 17:22,Y51-S26
20108,CONT390811,VESS_013,RTG10,20ft,DSCH,2026-02-11 19:04,2026-02-11 19:10,Y13-S19
20109,CONT954135,VESS_035,QC07,20ft,LOAD,2026-03-25 3:54,2026-03-25 4:10,Y48-S20
20110,CONT885141,VESS_005,QC02,40ft,LOAD,2026-03-08 20:55,2026-03-08 21:14,Y50-S22
20111,CONT903263,VESS_032,RTG25,20ft,DSCH,2026-01-04 0:41,2026-01-04 1:03,Y55-S25
20112,CONT653786,VESS_031,RTG22,20ft,DSCH,2026-01-10 15:33,2026-01-10 16:08,Y16-S09
20113,CONT964328,VESS_082,RTG13,20ft,DSCH,2026-02-20 9:15,2026-02-20 9:25,Y38-S23
20114,CONT719495,VESS_031,RTG19,20ft,DSCH,2026-03-03 13:40,2026-03-03 13:46,Y23-S22
20115,CONT350109,VESS_061,QC08,20ft,DSCH,2026-02-05 21:31,2026-02-05 22:00,Y58-S28
20116,CONT101676,VESS_048,RTG17,20ft,LOAD,2026-02-15 15:35,2026-02-15 15:50,Y30-S02
20117,CONT677004,VESS_005,RTG01,20ft,LOAD,2026-02-07 1:57,2026-02-07 2:13,Y33-S08
20118,CONT338758,VESS_061,QC02,20ft,LOAD,2026-01-29 11:27,2026-01-29 11:53,Y12-S01
20119,CONT102348,VESS_061,RTG27,20ft,DSCH,2026-03-31 12:45,2026-03-31 13:00,Y08-S04
20120,CONT245872,VESS_082,RTG02,20ft,DSCH,2026-03-31 12:57,2026-03-31 13:22,Y60-S23
20121,CONT878452,VESS_055,RTG19,20ft,LOAD,2026-03-05 19:44,,Y41-S11
20122,CONT659556,VESS_008,RTG07,40ft,DSCH,2026-04-02 11:57,2026-04-02 12:15,Y19-S01
20123,CONT868687,VESS_104,QC05,20ft,LOAD,2026-02-28 8:07,2026-02-28 8:27,Y37-S07
20124,CONT135799,VESS_027,RTG20,20ft,DSCH,2026-01-13 11:42,2026-01-13 12:06,Y54-S27
20125,CONT888196,VESS_055,RTG16,20ft,LOAD,2026-03-20 5:41,2026-03-20 6:06,Y53-S26
20126,CONT886309,VESS_021,RTG03,20ft,DSCH,2026-02-07 5:26,2026-02-07 5:59,Y60-S26
20127,CONT882480,VESS_096,RTG14,20ft,DSCH,2026-03-27 19:45,2026-03-27 19:55,Y41-S17
20128,CONT774625,VESS_096,RTG18,20ft,DSCH,2026-02-15 2:30,2026-02-15 2:35,Y35-S09
20129,CONT726571,VESS_109,RTG13,20ft,DSCH,2026-02-06 16:19,2026-02-06 16:34,Y52-S16
20130,CONT310222,VESS_021,QC09,20ft,LOAD,2026-02-18 7:42,2026-02-18 8:08,Y53-S07
20131,CONT308324,VESS_048,QC01,20ft,DSCH,2026-01-10 22:19,2026-01-10 22:32,Y59-S21
20132,CONT911585,VESS_032,RTG34,20ft,LOAD,2026-01-03 21:42,2026-01-03 21:58,Y32-S08
20133,CONT495535,VESS_031,QC10,20ft,DSCH,2026-01-21 3:55,2026-01-21 4:24,Y43-S15
20134,CONT208557,VESS_082,RTG06,20ft,LOAD,2026-01-12 22:24,2026-01-12 22:52,Y16-S20
20135,CONT482806,VESS_065,RTG17,40ft,DSCH,2026-04-06 17:54,2026-04-06 18:17,Y39-S19
20136,CONT218725,VESS_055,RTG11,20ft,DSCH,2026-02-23 3:07,2026-02-23 3:41,Y39-S03
20137,CONT536034,VESS_055,RTG06,20ft,DSCH,2026-03-23 18:21,2026-03-23 18:41,Y15-S01
20138,CONT973005,VESS_039,RTG18,20ft,DSCH,2026-01-06 18:06,2026-01-06 18:29,Y18-S19
20139,CONT258770,VESS_031,RTG14,20ft,LOAD,2026-03-20 14:03,2026-03-20 14:36,Y18-S11
20140,CONT638142,VESS_008,QC04,20ft,LOAD,2026-03-12 14:37,2026-03-12 15:09,Y16-S29
20141,CONT800888,VESS_048,QC12,20ft,DSCH,2026-01-18 4:29,2026-01-18 4:54,Y50-S29
20142,CONT122898,VESS_048,RTG03,20ft,LOAD,2026-02-25 1:00,2026-02-25 1:17,Y02-S08
20143,CONT741937,VESS_096,RTG18,20ft,LOAD,2026-01-21 6:51,2026-01-21 7:05,Y59-S25
20144,CONT503528,VESS_031,RTG08,20ft,DSCH,2026-04-08 13:00,2026-04-08 13:21,Y08-S16
20145,CONT533108,VESS_031,QC06,20ft,DSCH,2026-01-20 20:17,2026-01-20 20:23,Y56-S10
20146,CONT368575,VESS_039,RTG31,20ft,LOAD,2026-03-17 15:00,2026-03-17 15:16,Y21-S14
20147,CONT115827,VESS_013,RTG29,40ft,LOAD,2026-03-17 2:25,2026-03-17 2:30,Y38-S08
20148,CONT842139,VESS_065,RTG20,20ft,DSCH,2026-03-26 22:38,2026-03-26 22:46,Y13-S26
20149,CONT357837,VESS_027,RTG20,20ft,LOAD,2026-03-01 12:41,2026-03-01 12:57,Y52-S08
20150,CONT519428,VESS_096,RTG10,20ft,DSCH,2026-03-22 18:33,2026-03-22 18:53,Y09-S29
20151,CONT760566,VESS_082,QC01,20ft,DSCH,2026-02-18 5:01,2026-02-18 5:27,Y46-S28
20152,CONT204490,VESS_104,RTG30,20ft,LOAD,2026-02-24 18:30,2026-02-24 18:47,Y37-S22
20153,CONT724701,VESS_048,QC01,20ft,DSCH,2026-01-05 6:44,2026-01-05 6:55,Y19-S18
20154,CONT686590,VESS_109,QC05,20ft,LOAD,2026-03-06 23:38,2026-03-07 0:09,Y12-S22
20155,CONT177247,VESS_096,RTG36,20ft,LOAD,2026-02-08 22:00,2026-02-08 22:23,Y43-S28
20156,CONT988684,VESS_093,RTG13,20ft,DSCH,2026-03-12 8:46,2026-03-12 8:59,Y37-S25
20157,CONT122393,VESS_096,RTG12,40ft,LOAD,2026-02-01 15:23,2026-02-01 15:33,Y58-S15
20158,CONT752045,VESS_096,RTG16,20ft,DSCH,2026-02-10 8:07,2026-02-10 8:36,Y54-S17
20159,CONT170804,VESS_002,RTG28,20ft,DSCH,2026-02-10 5:28,2026-02-10 6:03,Y29-S22
20160,CONT913370,VESS_013,RTG26,20ft,LOAD,2026-02-21 8:02,2026-02-21 8:26,Y29-S24
20161,CONT915637,VESS_002,RTG15,20ft,LOAD,2026-02-17 14:58,2026-02-17 15:21,Y43-S05
20162,CONT882342,VESS_065,RTG23,40ft,DSCH,2026-01-20 14:42,2026-01-20 15:11,Y47-S10
20163,CONT468970,VESS_057,RTG28,20ft,DSCH,2026-02-04 11:53,2026-02-04 12:08,Y01-S08
20164,CONT113846,VESS_093,RTG13,20ft,DSCH,2026-02-02 15:57,2026-02-02 16:11,Y37-S18
20165,CONT333385,VESS_109,RTG13,20ft,LOAD,2026-03-20 5:31,2026-03-20 5:59,Y02-S21
20166,CONT738994,VESS_032,RTG13,20ft,DSCH,2026-03-05 2:07,2026-03-05 2:24,Y48-S29
20167,CONT377720,VESS_031,RTG14,20ft,LOAD,2026-03-01 2:53,2026-03-01 3:11,Y42-S25
20168,CONT966456,VESS_109,RTG23,20ft,DSCH,2026-02-23 22:28,2026-02-23 22:49,Y27-S27
20169,CONT422799,VESS_035,RTG25,20ft,LOAD,2026-01-19 15:39,2026-01-19 16:12,Y07-S06
20170,CONT767739,VESS_032,QC05,20ft,DSCH,2026-01-15 12:48,2026-01-15 13:03,Y58-S25
20171,CONT973161,VESS_021,QC09,20ft,LOAD,2026-02-07 4:42,2026-02-07 5:05,Y19-S13
20172,CONT667391,VESS_008,RTG21,20ft,LOAD,2026-02-20 18:50,2026-02-20 19:19,Y20-S08
20173,CONT170465,VESS_035,RTG30,40ft,DSCH,2026-03-06 1:20,2026-03-06 1:35,Y59-S01
20174,CONT822622,VESS_082,QC02,20ft,DSCH,2026-03-26 6:12,2026-03-26 6:36,Y25-S10
20175,CONT908455,VESS_104,RTG28,20ft,DSCH,2026-01-11 13:51,2026-01-11 14:26,Y04-S16
20176,CONT706976,VESS_082,RTG06,20ft,LOAD,2026-02-24 4:55,2026-02-24 5:03,Y57-S23
20177,CONT574834,VESS_021,RTG16,20ft,LOAD,2026-01-07 5:11,2026-01-07 5:19,Y22-S16
20178,CONT997973,VESS_057,RTG01,20ft,LOAD,2026-01-22 19:09,2026-01-22 19:22,Y06-S05
20179,CONT865748,VESS_005,RTG13,20ft,DSCH,2026-02-23 3:49,2026-02-23 4:18,Y53-S02
20180,CONT245649,VESS_021,RTG04,20ft,DSCH,2026-02-05 13:44,2026-02-05 13:58,Y58-S20
20181,CONT494384,VESS_109,RTG15,40ft,DSCH,2026-02-12 3:06,2026-02-12 3:13,Y04-S30
20182,CONT331139,VESS_035,QC01,20ft,DSCH,2026-03-22 22:33,2026-03-22 22:49,Y31-S23
20183,CONT300890,VESS_035,QC11,20ft,LOAD,2026-01-09 2:36,2026-01-09 2:55,Y59-S10
20184,CONT917271,VESS_032,RTG20,40ft,DSCH,2026-03-12 15:45,2026-03-12 16:04,Y60-S12
20185,CONT585425,VESS_104,RTG09,20ft,LOAD,2026-03-19 23:08,2026-03-19 23:13,Y38-S24
20186,CONT613076,VESS_013,RTG05,20ft,LOAD,2026-02-10 6:19,2026-02-10 6:35,Y09-S09
20187,CONT957613,VESS_055,RTG27,20ft,LOAD,2026-03-12 16:19,2026-03-12 16:37,Y02-S28
20188,CONT643808,VESS_013,QC05,20ft,DSCH,2026-02-07 10:15,2026-02-07 10:22,Y28-S22
20189,CONT427725,VESS_106,RTG28,20ft,DSCH,2026-02-25 20:48,2026-02-25 21:17,Y39-S24
20190,CONT187896,VESS_057,RTG10,40ft,LOAD,2026-02-06 10:50,2026-02-06 11:16,Y03-S03
20191,CONT440245,VESS_109,QC11,20ft,LOAD,2026-02-05 21:37,2026-02-05 21:48,Y29-S09
20192,CONT215864,VESS_057,QC02,20ft,DSCH,2026-03-22 12:27,2026-03-22 12:45,Y19-S20
20193,CONT224831,VESS_048,QC08,20ft,DSCH,2026-04-09 4:16,2026-04-09 4:28,Y41-S15
20194,CONT737675,VESS_013,RTG06,20ft,DSCH,2026-02-15 10:34,2026-02-15 10:45,Y15-S20
20195,CONT702082,VESS_061,QC08,40ft,LOAD,2026-01-17 1:50,2026-01-17 2:21,Y35-S16
20196,CONT476256,VESS_008,QC09,20ft,DSCH,2026-02-16 0:51,2026-02-16 1:01,Y10-S19
20197,CONT623619,VESS_109,QC09,20ft,DSCH,2026-03-21 5:24,2026-03-21 5:57,Y45-S13
20198,CONT982647,VESS_093,RTG05,20ft,LOAD,2026-03-25 1:16,2026-03-25 1:23,Y60-S21
20199,CONT465190,VESS_039,RTG06,40ft,LOAD,2026-01-22 3:43,2026-01-22 4:07,Y29-S07
20200,CONT681379,VESS_096,RTG29,20ft,DSCH,2026-02-06 10:11,2026-02-06 10:18,Y49-S15
20201,CONT822737,VESS_055,RTG15,20ft,DSCH,2026-01-28 6:18,2026-01-28 6:34,Y14-S14
20202,CONT233785,VESS_082,QC12,20ft,LOAD,2026-02-03 14:59,2026-02-03 15:33,Y34-S02
20203,CONT690615,VESS_032,RTG30,20ft,DSCH,2026-03-17 20:21,2026-03-17 20:39,Y53-S13
20204,CONT187730,VESS_021,RTG03,20ft,LOAD,2026-02-10 23:54,2026-02-11 0:26,Y10-S28
20205,CONT549941,VESS_031,QC10,40ft,DSCH,2026-03-11 12:21,2026-03-11 12:53,Y18-S06
20206,CONT179528,VESS_008,RTG09,20ft,DSCH,2026-01-25 9:34,2026-01-25 9:45,Y45-S06
20207,CONT989039,VESS_065,RTG13,20ft,DSCH,2026-01-18 22:14,2026-01-18 22:22,Y13-S24
20208,CONT837675,VESS_048,QC02,20ft,DSCH,2026-02-12 20:38,2026-02-12 21:12,Y50-S19
20209,CONT622273,VESS_027,QC01,40ft,DSCH,2026-01-28 21:22,2026-01-28 21:56,Y48-S25
20210,CONT428425,VESS_048,RTG36,20ft,LOAD,2026-01-03 12:54,2026-01-03 13:18,Y46-S05
20211,CONT314433,VESS_039,RTG21,20ft,DSCH,2026-02-17 7:33,2026-02-17 7:53,Y17-S02
20212,CONT597567,VESS_082,RTG13,20ft,LOAD,2026-02-01 13:26,2026-02-01 13:40,Y34-S26
20213,CONT352733,VESS_093,RTG23,20ft,LOAD,2026-01-25 5:29,2026-01-25 5:40,Y45-S10
20214,CONT624921,VESS_057,QC02,20ft,DSCH,2026-03-20 16:29,,Y27-S30
20215,CONT965044,VESS_013,RTG11,40ft,LOAD,2026-04-04 19:50,2026-04-04 19:58,Y13-S16
20216,CONT585980,VESS_106,RTG33,20ft,DSCH,2026-01-15 5:13,2026-01-15 5:32,Y29-S22
20217,CONT575905,VESS_005,RTG11,20ft,DSCH,2026-02-25 7:44,2026-02-25 8:12,Y06-S04
20218,CONT758203,VESS_021,RTG19,20ft,DSCH,2026-01-03 1:43,2026-01-03 2:13,Y10-S26
20219,CONT511300,VESS_096,RTG30,20ft,LOAD,2026-02-13 2:58,2026-02-13 3:10,Y16-S27
20220,CONT976259,VESS_104,RTG06,40ft,DSCH,2026-02-20 14:14,2026-02-20 14:19,Y16-S05
20221,CONT468938,VESS_032,QC10,20ft,LOAD,2026-02-08 23:58,2026-02-09 0:26,Y31-S17
20222,CONT405003,VESS_048,QC10,20ft,LOAD,2026-01-14 12:40,2026-01-14 12:53,Y14-S19
20223,CONT901320,VESS_065,QC12,20ft,LOAD,2026-02-11 0:44,2026-02-11 0:57,Y47-S12
20224,CONT506643,VESS_008,RTG15,40ft,DSCH,2026-02-09 4:12,2026-02-09 4:27,Y20-S10
20225,CONT433906,VESS_005,RTG11,20ft,DSCH,2026-03-10 14:58,2026-03-10 15:26,Y57-S23
20226,CONT210743,VESS_048,RTG23,20ft,DSCH,2026-03-04 17:26,2026-03-04 17:42,Y32-S04
20227,CONT848821,VESS_048,RTG24,20ft,DSCH,2026-03-09 12:36,2026-03-09 13:09,Y16-S07
20228,CONT763332,VESS_093,RTG32,40ft,DSCH,2026-03-18 9:22,2026-03-18 9:32,Y31-S21
20229,CONT795758,VESS_031,RTG07,20ft,LOAD,2026-03-15 13:10,2026-03-15 13:19,Y23-S23
20230,CONT704652,VESS_005,QC12,20ft,DSCH,2026-03-14 16:59,2026-03-14 17:25,Y08-S30
20231,CONT641659,VESS_013,RTG17,20ft,DSCH,2026-03-10 3:57,2026-03-10 4:15,Y22-S22
20232,CONT235078,VESS_005,RTG18,20ft,DSCH,2026-02-14 4:33,2026-02-14 4:41,Y30-S16
20233,CONT984003,VESS_057,QC06,20ft,DSCH,2026-03-30 1:17,2026-03-30 1:48,Y53-S11
20234,CONT892518,VESS_057,RTG19,40ft,DSCH,2026-03-09 11:50,2026-03-09 12:14,Y37-S03
20235,CONT425912,VESS_013,RTG32,20ft,DSCH,2026-02-28 17:30,2026-02-28 17:55,Y49-S21
20236,CONT188593,VESS_065,RTG11,20ft,LOAD,2026-01-14 13:57,2026-01-14 14:09,Y53-S03
20237,CONT647686,VESS_013,QC10,20ft,DSCH,2026-04-06 12:51,2026-04-06 13:20,Y58-S16
20238,CONT729421,VESS_096,RTG07,20ft,LOAD,2026-02-05 13:03,2026-02-05 13:13,Y58-S22
20239,CONT316449,VESS_096,RTG19,20ft,DSCH,2026-01-08 2:51,2026-01-08 3:14,Y35-S04
20240,CONT266625,VESS_035,RTG32,20ft,LOAD,2026-02-23 21:11,2026-02-23 21:42,Y53-S29
20241,CONT548901,VESS_013,RTG16,20ft,DSCH,2026-02-03 22:56,2026-02-03 23:22,Y27-S24
20242,CONT591997,VESS_032,RTG32,20ft,LOAD,2026-01-22 3:17,2026-01-22 3:41,Y22-S24
20243,CONT114833,VESS_055,RTG11,40ft,LOAD,2026-02-11 13:54,2026-02-11 14:09,Y50-S17
20244,CONT930205,VESS_109,RTG02,20ft,LOAD,2026-01-31 22:22,2026-01-31 22:42,Y59-S20
20245,CONT636125,VESS_008,RTG05,20ft,LOAD,2026-02-07 0:54,2026-02-07 1:27,Y27-S14
20246,CONT139458,VESS_013,RTG17,20ft,DSCH,2026-01-02 23:25,2026-01-02 23:33,Y60-S28
20247,CONT657679,VESS_013,RTG35,20ft,LOAD,2026-01-10 2:45,2026-01-10 2:51,Y55-S30
20248,CONT138081,VESS_005,RTG19,20ft,DSCH,2026-03-13 2:23,2026-03-13 2:52,Y04-S12
20249,CONT931944,VESS_104,RTG27,20ft,LOAD,2026-04-09 19:58,2026-04-09 20:25,Y10-S18
20250,CONT932886,VESS_021,RTG22,20ft,DSCH,2026-04-04 14:21,2026-04-04 14:53,Y21-S26
20251,CONT140414,VESS_035,QC09,20ft,DSCH,2026-03-04 8:41,2026-03-04 9:09,Y24-S05
20252,CONT499995,VESS_005,RTG34,20ft,DSCH,2026-03-25 7:03,2026-03-25 7:25,Y60-S02
20253,CONT422953,VESS_104,QC03,20ft,LOAD,2026-02-03 1:57,2026-02-03 2:26,Y07-S02
20254,CONT256848,VESS_021,RTG31,20ft,DSCH,2026-03-25 16:50,2026-03-25 17:17,Y45-S10
20255,CONT621324,VESS_027,RTG07,40ft,LOAD,2026-02-06 23:41,2026-02-06 23:57,Y35-S03
20256,CONT298864,VESS_065,RTG24,20ft,DSCH,2026-03-21 13:32,2026-03-21 13:59,Y17-S26
20257,CONT510264,VESS_104,QC04,20ft,LOAD,2026-01-16 9:11,2026-01-16 9:17,Y26-S26
20258,CONT406502,VESS_021,QC12,20ft,DSCH,2026-01-27 12:53,2026-01-27 13:12,Y18-S25
20259,CONT849135,VESS_027,RTG11,20ft,DSCH,2026-01-12 12:54,2026-01-12 13:02,Y58-S25
20260,CONT956338,VESS_093,QC08,20ft,LOAD,2026-01-07 1:38,2026-01-07 2:08,Y08-S13
20261,CONT426635,VESS_093,RTG19,20ft,LOAD,2026-03-31 11:32,2026-03-31 11:45,Y21-S29
20262,CONT919088,VESS_005,QC02,20ft,DSCH,2026-04-09 16:32,2026-04-09 16:53,Y06-S30
20263,CONT472380,VESS_035,RTG13,20ft,LOAD,2026-04-02 23:19,2026-04-02 23:41,Y43-S08
20264,CONT568733,VESS_082,RTG16,20ft,LOAD,2026-02-11 3:43,2026-02-11 4:00,Y34-S07
20265,CONT837113,VESS_039,RTG24,20ft,DSCH,2026-02-18 5:08,2026-02-18 5:39,Y08-S30
20266,CONT438701,VESS_065,RTG05,20ft,LOAD,2026-01-01 23:36,2026-01-02 0:06,Y24-S30
20267,CONT749528,VESS_104,RTG36,40ft,DSCH,2026-02-23 20:00,2026-02-23 20:05,Y09-S26
20268,CONT825999,VESS_106,RTG05,20ft,DSCH,2026-01-09 20:57,2026-01-09 21:06,Y28-S25
20269,CONT723311,VESS_096,QC08,20ft,DSCH,2026-03-28 13:45,2026-03-28 13:56,Y44-S01
20270,CONT992411,VESS_013,QC04,20ft,DSCH,2026-03-05 15:20,,Y34-S22
20271,CONT115275,VESS_082,RTG35,20ft,DSCH,2026-02-07 7:56,2026-02-07 8:31,Y37-S10
20272,CONT577304,VESS_008,QC04,20ft,DSCH,2026-01-23 20:28,2026-01-23 20:33,Y02-S18
20273,CONT294432,VESS_031,RTG29,20ft,LOAD,2026-03-11 14:47,2026-03-11 15:13,Y44-S03
20274,CONT557713,VESS_057,RTG19,20ft,DSCH,2026-03-03 19:26,2026-03-03 19:57,Y14-S09
20275,CONT284572,VESS_002,RTG35,20ft,LOAD,2026-01-18 6:45,2026-01-18 7:17,Y29-S07
20276,CONT443355,VESS_008,RTG29,20ft,DSCH,2026-02-25 10:35,2026-02-25 10:46,Y12-S12
20277,CONT191999,VESS_082,RTG32,20ft,LOAD,2026-01-17 17:15,2026-01-17 17:28,Y46-S19
20278,CONT728042,VESS_104,RTG32,40ft,LOAD,2026-03-03 4:03,2026-03-03 4:13,Y29-S16
20279,CONT376077,VESS_002,QC11,20ft,LOAD,2026-02-02 2:58,2026-02-02 3:04,Y07-S28
20280,CONT749232,VESS_061,QC11,20ft,DSCH,2026-03-28 23:27,2026-03-28 23:40,Y09-S14
20281,CONT630184,VESS_039,RTG07,20ft,DSCH,2026-03-08 9:19,2026-03-08 9:52,Y33-S14
20282,CONT577103,VESS_005,RTG32,20ft,DSCH,2026-04-09 14:27,2026-04-09 14:54,Y32-S21
20283,CONT632266,VESS_035,QC06,20ft,LOAD,2026-03-12 21:18,2026-03-12 21:31,Y08-S28
20284,CONT306651,VESS_031,RTG29,20ft,DSCH,2026-02-16 15:07,2026-02-16 15:19,Y42-S13
20285,CONT501578,VESS_093,QC04,20ft,LOAD,2026-01-07 12:02,2026-01-07 12:18,Y47-S10
20286,CONT199766,VESS_082,RTG12,20ft,DSCH,2026-03-08 17:36,2026-03-08 17:54,Y04-S16
20287,CONT123816,VESS_013,RTG24,20ft,LOAD,2026-03-05 11:31,2026-03-05 11:43,Y47-S23
20288,CONT214545,VESS_104,RTG11,40ft,LOAD,2026-01-03 1:35,2026-01-03 1:57,Y18-S26
20289,CONT212414,VESS_032,QC09,20ft,LOAD,2026-02-12 3:26,2026-02-12 3:34,Y06-S29
20290,CONT627152,VESS_021,RTG01,20ft,DSCH,2026-02-03 1:52,2026-02-03 2:06,Y06-S25
20291,CONT691107,VESS_048,RTG09,20ft,LOAD,2026-03-24 13:41,2026-03-24 13:56,Y46-S30
20292,CONT905520,VESS_109,RTG11,40ft,LOAD,2026-03-01 19:41,2026-03-01 20:02,Y51-S16
20293,CONT160453,VESS_021,RTG17,20ft,DSCH,2026-03-02 11:11,2026-03-02 11:32,Y53-S08
20294,CONT765477,VESS_008,RTG34,20ft,DSCH,2026-04-08 12:40,2026-04-08 13:11,Y13-S23
20295,CONT966407,VESS_013,RTG29,20ft,DSCH,2026-02-27 1:03,2026-02-27 1:37,Y03-S09
20296,CONT263528,VESS_106,QC12,40ft,LOAD,2026-02-02 11:58,2026-02-02 12:16,Y03-S21
20297,CONT220721,VESS_055,QC02,20ft,DSCH,2026-03-17 3:53,2026-03-17 4:03,Y29-S22
20298,CONT723330,VESS_008,RTG35,20ft,DSCH,2026-02-24 22:21,2026-02-24 22:40,Y57-S21
20299,CONT344393,VESS_021,QC10,20ft,DSCH,2026-03-22 2:10,2026-03-22 2:42,Y02-S02
20300,CONT700496,VESS_005,RTG31,40ft,DSCH,2026-03-19 7:30,2026-03-19 7:45,Y17-S19
20301,CONT179644,VESS_035,RTG07,20ft,DSCH,2026-03-08 15:27,2026-03-08 15:40,Y29-S28
20302,CONT348277,VESS_002,QC10,20ft,LOAD,2026-04-06 14:29,2026-04-06 15:03,Y28-S05
20303,CONT952927,VESS_106,RTG12,40ft,DSCH,2026-01-08 18:25,2026-01-08 18:56,Y15-S28
20304,CONT799022,VESS_021,RTG29,20ft,LOAD,2026-02-08 17:44,2026-02-08 17:51,Y08-S08
20305,CONT203341,VESS_104,RTG30,20ft,DSCH,2026-04-08 23:34,2026-04-08 23:52,Y56-S21
20306,CONT990553,VESS_008,QC04,20ft,DSCH,2026-01-21 8:12,2026-01-21 8:38,Y55-S09
20307,CONT682875,VESS_002,RTG15,20ft,LOAD,2026-03-23 6:41,2026-03-23 6:51,Y37-S06
20308,CONT873313,VESS_005,RTG18,20ft,LOAD,2026-01-31 6:29,2026-01-31 6:42,Y01-S21
20309,CONT866568,VESS_055,QC11,20ft,DSCH,2026-01-05 0:42,2026-01-05 0:53,Y52-S05
20310,CONT318480,VESS_002,RTG15,20ft,DSCH,2026-03-17 8:30,2026-03-17 8:55,Y30-S18
20311,CONT187724,VESS_005,RTG17,40ft,LOAD,2026-03-14 18:59,2026-03-14 19:15,Y16-S06
20312,CONT367782,VESS_002,RTG14,20ft,LOAD,2026-01-11 22:14,2026-01-11 22:35,Y04-S16
20313,CONT601253,VESS_039,RTG31,20ft,LOAD,2026-03-19 15:27,2026-03-19 15:36,Y20-S07
20314,CONT109569,VESS_031,RTG31,20ft,DSCH,2026-01-01 22:08,2026-01-01 22:23,Y26-S14
20315,CONT853231,VESS_048,QC01,20ft,DSCH,2026-02-13 17:40,2026-02-13 17:54,Y06-S26
20316,CONT644702,VESS_082,QC07,20ft,DSCH,2026-03-29 23:47,2026-03-30 0:10,Y21-S29
20317,CONT198390,VESS_048,RTG01,20ft,LOAD,2026-04-03 6:30,2026-04-03 6:41,Y08-S25
20318,CONT905320,VESS_002,RTG11,40ft,LOAD,2026-02-22 16:49,2026-02-22 16:58,Y52-S19
20319,CONT954320,VESS_039,RTG07,20ft,LOAD,2026-03-24 9:01,2026-03-24 9:14,Y29-S21
20320,CONT392315,VESS_027,RTG28,20ft,LOAD,2026-03-09 6:15,2026-03-09 6:30,Y49-S09
20321,CONT964120,VESS_061,QC10,20ft,LOAD,2026-01-13 18:04,2026-01-13 18:31,Y25-S26
20322,CONT170579,VESS_027,QC08,20ft,LOAD,2026-03-28 23:00,2026-03-28 23:13,Y42-S19
20323,CONT133369,VESS_008,QC03,20ft,LOAD,2026-01-16 1:22,2026-01-16 1:57,Y09-S27
20324,CONT349706,VESS_109,RTG24,20ft,LOAD,2026-02-25 3:03,2026-02-25 3:33,Y59-S11
20325,CONT478209,VESS_096,RTG14,20ft,DSCH,2026-01-19 7:55,2026-01-19 8:18,Y06-S06
20326,CONT224649,VESS_104,RTG10,20ft,LOAD,2026-01-06 3:07,2026-01-06 3:26,Y28-S15
20327,CONT673991,VESS_096,RTG35,20ft,LOAD,2026-02-20 12:22,2026-02-20 12:53,Y52-S28
20328,CONT219345,VESS_032,RTG18,20ft,LOAD,2026-03-08 12:33,2026-03-08 13:04,Y17-S28
20329,CONT855537,VESS_031,QC05,20ft,DSCH,2026-03-04 16:36,2026-03-04 16:59,Y12-S16
20330,CONT545574,VESS_109,RTG04,40ft,LOAD,2026-03-26 14:28,,Y47-S06
20331,CONT316622,VESS_104,RTG11,20ft,DSCH,2026-01-16 20:10,2026-01-16 20:21,Y14-S07
20332,CONT897904,VESS_021,RTG03,20ft,DSCH,2026-04-03 8:19,2026-04-03 8:39,Y03-S22
20333,CONT935927,VESS_057,RTG07,20ft,DSCH,2026-02-01 12:58,2026-02-01 13:20,Y31-S24
20334,CONT572524,VESS_055,QC11,20ft,DSCH,2026-01-10 13:22,2026-01-10 13:30,Y21-S21
20335,CONT574761,VESS_013,RTG16,20ft,LOAD,2026-02-12 16:49,2026-02-12 17:21,Y34-S17
20336,CONT148279,VESS_039,RTG08,40ft,LOAD,2026-01-19 13:07,2026-01-19 13:39,Y03-S18
20337,CONT555022,VESS_035,RTG03,20ft,DSCH,2026-02-06 1:36,2026-02-06 1:59,Y26-S22
20338,CONT693845,VESS_106,QC12,20ft,LOAD,2026-01-20 21:52,2026-01-20 21:57,Y38-S18
20339,CONT152783,VESS_096,QC01,20ft,DSCH,2026-03-15 15:37,2026-03-15 15:58,Y15-S11
20340,CONT749341,VESS_057,RTG21,20ft,DSCH,2026-01-07 13:04,2026-01-07 13:16,Y51-S02
20341,CONT551050,VESS_039,QC11,40ft,DSCH,2026-03-14 11:02,2026-03-14 11:36,Y39-S26
20342,CONT681514,VESS_005,RTG02,20ft,DSCH,2026-02-12 11:37,2026-02-12 12:08,Y30-S12
20343,CONT804392,VESS_032,RTG22,20ft,LOAD,2026-01-01 12:56,2026-01-01 13:25,Y31-S15
20344,CONT186093,VESS_055,RTG10,20ft,DSCH,2026-03-14 1:06,2026-03-14 1:37,Y42-S17
20345,CONT374044,VESS_106,RTG12,20ft,LOAD,2026-01-18 19:40,2026-01-18 20:03,Y31-S11
20346,CONT621601,VESS_057,RTG33,40ft,DSCH,2026-01-15 16:34,2026-01-15 17:00,Y06-S29
20347,CONT281582,VESS_106,QC10,20ft,DSCH,2026-02-24 7:25,2026-02-24 7:38,Y48-S30
20348,CONT518546,VESS_013,RTG26,20ft,LOAD,2026-03-11 22:12,2026-03-11 22:17,Y45-S17
20349,CONT836290,VESS_032,RTG11,20ft,LOAD,2026-01-22 4:03,2026-01-22 4:10,Y03-S01
20350,CONT966621,VESS_082,RTG09,20ft,DSCH,2026-03-19 17:05,2026-03-19 17:13,Y30-S08
20351,CONT428785,VESS_096,RTG05,20ft,DSCH,2026-03-07 14:01,2026-03-07 14:36,Y21-S27
20352,CONT751525,VESS_082,RTG28,20ft,DSCH,2026-02-04 4:12,2026-02-04 4:27,Y21-S13
20353,CONT739077,VESS_093,RTG10,20ft,LOAD,2026-02-05 11:55,2026-02-05 12:18,Y20-S05
20354,CONT583575,VESS_106,RTG16,20ft,LOAD,2026-03-21 5:15,2026-03-21 5:28,Y09-S01
20355,CONT976768,VESS_048,RTG16,40ft,DSCH,2026-02-28 20:15,2026-02-28 20:40,Y12-S13
20356,CONT470200,VESS_013,RTG15,20ft,DSCH,2026-01-14 17:46,2026-01-14 18:00,Y11-S26
20357,CONT731107,VESS_109,QC03,20ft,LOAD,2026-02-06 21:52,2026-02-06 22:19,Y52-S21
20358,CONT108297,VESS_061,RTG07,20ft,DSCH,2026-02-20 15:34,2026-02-20 16:03,Y09-S23
20359,CONT279664,VESS_055,RTG17,20ft,DSCH,2026-04-08 2:26,2026-04-08 2:50,Y05-S04
20360,CONT162696,VESS_082,QC05,20ft,LOAD,2026-02-27 2:06,2026-02-27 2:15,Y33-S15
20361,CONT907196,VESS_005,RTG24,40ft,DSCH,2026-03-28 6:48,2026-03-28 6:55,Y59-S21
20362,CONT380005,VESS_005,RTG31,20ft,LOAD,2026-03-22 13:47,2026-03-22 13:56,Y43-S17
20363,CONT826325,VESS_082,RTG21,20ft,DSCH,2026-02-03 15:46,2026-02-03 16:19,Y10-S24
20364,CONT694024,VESS_048,RTG20,20ft,DSCH,2026-03-03 18:11,2026-03-03 18:35,Y53-S29
20365,CONT153513,VESS_002,RTG30,20ft,LOAD,2026-03-23 9:10,2026-03-23 9:18,Y21-S03
20366,CONT122778,VESS_061,RTG05,20ft,DSCH,2026-03-14 15:15,2026-03-14 15:41,Y11-S29
20367,CONT855911,VESS_035,RTG26,20ft,LOAD,2026-03-30 15:30,2026-03-30 15:44,Y56-S14
20368,CONT283221,VESS_031,RTG32,40ft,DSCH,2026-02-25 23:41,2026-02-26 0:12,Y01-S24
20369,CONT720996,VESS_027,RTG09,20ft,LOAD,2026-02-15 4:03,2026-02-15 4:38,Y05-S28
20370,CONT111534,VESS_048,RTG32,20ft,DSCH,2026-01-03 13:51,2026-01-03 14:18,Y17-S08
20371,CONT569195,VESS_032,QC03,20ft,LOAD,2026-02-01 21:22,2026-02-01 21:32,Y37-S27
20372,CONT828218,VESS_039,RTG29,20ft,LOAD,2026-02-11 15:58,,Y18-S20
20373,CONT916095,VESS_035,RTG08,20ft,LOAD,2026-03-20 14:56,2026-03-20 15:30,Y06-S07
20374,CONT637895,VESS_109,RTG09,20ft,DSCH,2026-01-28 15:10,2026-01-28 15:16,Y27-S24
20375,CONT523158,VESS_093,RTG26,20ft,LOAD,2026-02-27 1:37,2026-02-27 2:07,Y14-S04
20376,CONT443338,VESS_109,RTG27,20ft,DSCH,2026-01-02 10:18,2026-01-02 10:51,Y04-S20
20377,CONT582884,VESS_109,RTG11,40ft,LOAD,2026-01-19 10:43,2026-01-19 11:14,Y05-S11
20378,CONT499044,VESS_048,RTG22,20ft,DSCH,2026-02-21 14:11,2026-02-21 14:20,Y36-S13
20379,CONT771005,VESS_093,RTG20,20ft,LOAD,2026-04-02 5:02,2026-04-02 5:16,Y35-S28
20380,CONT480359,VESS_093,RTG06,20ft,LOAD,2026-02-05 7:50,2026-02-05 7:58,Y33-S17
20381,CONT315161,VESS_035,QC09,20ft,LOAD,2026-01-09 23:12,2026-01-09 23:44,Y34-S26
20382,CONT878441,VESS_096,RTG12,20ft,LOAD,2026-01-05 18:58,2026-01-05 19:28,Y31-S22
20383,CONT801435,VESS_065,RTG09,20ft,LOAD,2026-02-08 19:58,2026-02-08 20:06,Y23-S28
20384,CONT852658,VESS_002,RTG13,40ft,DSCH,2026-01-29 22:56,2026-01-29 23:30,Y54-S02
20385,CONT977757,VESS_035,RTG14,20ft,DSCH,2026-03-28 23:35,2026-03-28 23:49,Y19-S22
20386,CONT255864,VESS_104,QC09,20ft,LOAD,2026-01-03 10:51,2026-01-03 11:04,Y57-S26
20387,CONT956313,VESS_082,RTG09,20ft,LOAD,2026-01-22 19:45,2026-01-22 20:20,Y41-S05
20388,CONT589991,VESS_002,RTG07,20ft,DSCH,2026-01-20 19:46,2026-01-20 19:56,Y52-S02
20389,CONT167061,VESS_005,RTG30,20ft,LOAD,2026-01-28 15:56,2026-01-28 16:08,Y11-S27
20390,CONT821127,VESS_093,RTG15,20ft,LOAD,2026-03-10 9:07,2026-03-10 9:32,Y10-S03
20391,CONT682215,VESS_065,RTG29,20ft,DSCH,2026-01-04 20:12,2026-01-04 20:19,Y52-S20
20392,CONT700638,VESS_031,RTG20,20ft,DSCH,2026-03-06 1:40,2026-03-06 2:15,Y54-S21
20393,CONT123679,VESS_106,RTG02,40ft,DSCH,2026-04-06 17:28,2026-04-06 17:52,Y37-S06
20394,CONT310310,VESS_013,RTG30,20ft,DSCH,2026-04-04 18:01,2026-04-04 18:06,Y31-S30
20395,CONT421121,VESS_002,QC03,20ft,LOAD,2026-03-03 15:01,2026-03-03 15:11,Y30-S20
20396,CONT612690,VESS_021,QC01,20ft,DSCH,2026-01-20 12:06,2026-01-20 12:39,Y50-S03
20397,CONT864916,VESS_027,RTG05,20ft,DSCH,2026-01-14 15:44,2026-01-14 16:09,Y20-S20
20398,CONT170694,VESS_055,RTG15,20ft,LOAD,2026-03-28 7:38,2026-03-28 7:57,Y36-S15
20399,CONT919087,VESS_005,RTG30,20ft,LOAD,2026-02-07 3:31,2026-02-07 3:55,Y15-S30
20400,CONT161455,VESS_104,RTG16,20ft,DSCH,2026-03-08 1:37,2026-03-08 1:47,Y54-S29
20401,CONT801581,VESS_032,QC02,40ft,DSCH,2026-04-09 11:30,2026-04-09 11:46,Y04-S06
20402,CONT848778,VESS_021,QC07,20ft,LOAD,2026-03-20 9:20,2026-03-20 9:51,Y12-S03
20403,CONT310594,VESS_065,RTG31,20ft,DSCH,2026-02-27 11:57,2026-02-27 12:18,Y30-S09
20404,CONT655149,VESS_031,RTG36,20ft,DSCH,2026-02-24 2:00,2026-02-24 2:14,Y06-S07
20405,CONT733634,VESS_002,QC07,20ft,LOAD,2026-03-14 9:25,2026-03-14 9:53,Y28-S07
20406,CONT960650,VESS_032,RTG14,20ft,DSCH,2026-01-29 5:52,2026-01-29 6:24,Y41-S14
20407,CONT196639,VESS_061,RTG31,20ft,LOAD,2026-02-06 5:42,2026-02-06 6:15,Y12-S27
20408,CONT361265,VESS_035,RTG25,40ft,DSCH,2026-01-22 0:12,2026-01-22 0:47,Y10-S01
20409,CONT587213,VESS_055,RTG01,20ft,DSCH,2026-02-20 11:18,2026-02-20 11:40,Y24-S19
20410,CONT678185,VESS_048,QC08,20ft,LOAD,2026-01-01 7:50,2026-01-01 7:56,Y49-S18
20411,CONT791543,VESS_065,RTG27,20ft,DSCH,2026-02-17 10:52,2026-02-17 11:03,Y48-S03
20412,CONT234226,VESS_048,RTG36,20ft,DSCH,2026-02-10 3:10,2026-02-10 3:24,Y14-S15
20413,CONT725854,VESS_093,RTG27,20ft,LOAD,2026-03-14 20:36,2026-03-14 20:41,Y48-S12
20414,CONT559343,VESS_082,QC03,20ft,DSCH,2026-03-10 17:00,2026-03-10 17:17,Y33-S29
20415,CONT672175,VESS_035,RTG33,20ft,DSCH,2026-03-29 11:59,2026-03-29 12:26,Y02-S07
20416,CONT820899,VESS_021,RTG03,40ft,LOAD,2026-01-30 0:00,2026-01-30 0:31,Y11-S09
20417,CONT549895,VESS_057,RTG11,20ft,LOAD,2026-01-31 1:30,2026-01-31 1:59,Y16-S07
20418,CONT591654,VESS_032,RTG18,20ft,DSCH,2026-04-07 13:35,2026-04-07 13:48,Y56-S29
20419,CONT723216,VESS_002,RTG17,20ft,DSCH,2026-01-07 3:12,2026-01-07 3:23,Y29-S25
20420,CONT646729,VESS_096,RTG33,20ft,LOAD,2026-02-10 5:24,2026-02-10 5:40,Y56-S01
20421,CONT285614,VESS_109,QC05,20ft,LOAD,2026-03-08 0:33,2026-03-08 0:53,Y45-S17
20422,CONT513152,VESS_093,RTG02,40ft,LOAD,2026-04-05 16:34,2026-04-05 16:59,Y55-S29
20423,CONT600094,VESS_002,RTG13,20ft,LOAD,2026-02-07 21:14,2026-02-07 21:32,Y44-S08
20424,CONT143804,VESS_093,QC01,20ft,LOAD,2026-04-01 10:28,2026-04-01 10:42,Y54-S08
20425,CONT379764,VESS_048,RTG29,20ft,LOAD,2026-02-07 12:58,2026-02-07 13:26,Y45-S28
20426,CONT806362,VESS_082,RTG15,20ft,DSCH,2026-01-30 21:04,2026-01-30 21:31,Y24-S02
20427,CONT788920,VESS_061,QC06,40ft,DSCH,2026-04-07 4:59,2026-04-07 5:18,Y14-S04
20428,CONT735260,VESS_032,QC10,20ft,DSCH,2026-03-04 22:24,2026-03-04 22:44,Y29-S10
20429,CONT633073,VESS_032,RTG18,20ft,DSCH,2026-01-26 5:32,2026-01-26 5:56,Y23-S03
20430,CONT348442,VESS_082,QC05,20ft,LOAD,2026-01-26 9:20,2026-01-26 9:51,Y20-S19
20431,CONT426445,VESS_093,QC07,20ft,LOAD,2026-02-12 20:44,2026-02-12 21:02,Y08-S10
20432,CONT510731,VESS_027,RTG23,40ft,DSCH,2026-01-22 22:17,2026-01-22 22:47,Y56-S30
20433,CONT883693,VESS_093,RTG18,20ft,LOAD,2026-02-18 15:03,2026-02-18 15:26,Y35-S07
20434,CONT637204,VESS_005,RTG30,20ft,DSCH,2026-01-26 1:57,2026-01-26 2:10,Y60-S17
20435,CONT150247,VESS_021,RTG20,20ft,LOAD,2026-02-03 18:52,,Y58-S19
20436,CONT775481,VESS_031,RTG27,20ft,DSCH,2026-01-28 4:49,2026-01-28 4:55,Y22-S22
20437,CONT758300,VESS_008,RTG07,40ft,DSCH,2026-02-18 9:38,2026-02-18 10:03,Y46-S22
20438,CONT696592,VESS_082,RTG33,20ft,LOAD,2026-01-25 23:21,2026-01-25 23:36,Y06-S04
20439,CONT124537,VESS_093,RTG11,20ft,LOAD,2026-04-05 10:25,2026-04-05 10:46,Y55-S27
20440,CONT699473,VESS_104,RTG33,20ft,LOAD,2026-04-04 6:51,2026-04-04 7:00,Y53-S16
20441,CONT581053,VESS_106,QC12,20ft,LOAD,2026-01-28 12:55,2026-01-28 13:07,Y03-S15
20442,CONT858758,VESS_035,RTG09,40ft,DSCH,2026-03-30 21:27,2026-03-30 21:59,Y60-S14
20443,CONT959598,VESS_104,RTG04,20ft,DSCH,2026-02-25 9:39,2026-02-25 9:53,Y24-S06
20444,CONT746944,VESS_093,RTG27,20ft,LOAD,2026-01-05 14:40,2026-01-05 14:52,Y45-S16
20445,CONT716791,VESS_106,RTG03,20ft,LOAD,2026-01-24 13:54,2026-01-24 14:22,Y58-S12
20446,CONT577619,VESS_104,RTG23,20ft,LOAD,2026-02-27 0:48,2026-02-27 1:23,Y56-S11
20447,CONT274483,VESS_093,RTG29,20ft,DSCH,2026-01-28 3:51,2026-01-28 4:26,Y45-S22
20448,CONT491673,VESS_048,RTG18,20ft,LOAD,2026-01-24 11:58,2026-01-24 12:22,Y01-S04
20449,CONT985849,VESS_021,RTG08,20ft,DSCH,2026-03-30 2:23,2026-03-30 2:54,Y58-S24
20450,CONT154113,VESS_109,RTG17,20ft,DSCH,2026-04-02 23:07,2026-04-02 23:27,Y02-S01
20451,CONT352498,VESS_061,RTG20,40ft,LOAD,2026-03-13 18:12,2026-03-13 18:36,Y36-S30
20452,CONT438738,VESS_093,RTG19,20ft,LOAD,2026-04-01 2:22,2026-04-01 2:43,Y47-S15
20453,CONT144554,VESS_096,RTG07,20ft,LOAD,2026-03-12 20:05,2026-03-12 20:26,Y18-S11
20454,CONT403558,VESS_013,RTG20,20ft,DSCH,2026-03-08 11:29,2026-03-08 11:38,Y08-S22
20455,CONT294245,VESS_106,RTG16,20ft,DSCH,2026-04-03 23:37,2026-04-04 0:08,Y27-S30
20456,CONT892210,VESS_082,RTG25,20ft,LOAD,2026-03-30 19:22,2026-03-30 19:42,Y16-S21
20457,CONT609785,VESS_005,RTG05,20ft,DSCH,2026-03-15 9:46,2026-03-15 9:52,Y16-S16
20458,CONT525319,VESS_013,RTG18,20ft,DSCH,2026-03-15 16:51,,Y14-S25
20459,CONT660834,VESS_002,RTG24,40ft,DSCH,2026-02-21 17:30,2026-02-21 17:42,Y12-S14
20460,CONT812651,VESS_031,RTG12,20ft,DSCH,2026-03-07 6:47,2026-03-07 7:14,Y23-S26
20461,CONT675606,VESS_057,RTG20,20ft,DSCH,2026-02-27 19:21,2026-02-27 19:35,Y11-S01
20462,CONT645925,VESS_057,RTG30,20ft,DSCH,2026-01-31 14:38,2026-01-31 15:11,Y02-S26
20463,CONT935180,VESS_002,RTG30,20ft,LOAD,2026-03-14 3:34,2026-03-14 3:58,Y09-S01
20464,CONT596869,VESS_002,RTG35,20ft,DSCH,2026-01-23 14:52,2026-01-23 15:25,Y17-S22
20465,CONT670611,VESS_106,RTG24,20ft,LOAD,2026-01-18 22:41,2026-01-18 22:50,Y01-S17
20466,CONT695191,VESS_065,QC12,20ft,DSCH,2026-01-19 10:41,,Y38-S27
20467,CONT333727,VESS_008,RTG32,20ft,DSCH,2026-03-15 6:42,2026-03-15 7:01,Y39-S30
20468,CONT225625,VESS_005,RTG36,20ft,DSCH,2026-04-09 19:26,2026-04-09 20:00,Y23-S28
20469,CONT711480,VESS_039,QC09,20ft,DSCH,2026-03-10 15:26,2026-03-10 15:43,Y10-S11
20470,CONT642556,VESS_096,RTG09,20ft,LOAD,2026-01-14 1:09,2026-01-14 1:39,Y44-S22
20471,CONT816742,VESS_106,RTG16,20ft,DSCH,2026-01-19 13:19,2026-01-19 13:32,Y29-S07
20472,CONT395293,VESS_057,QC08,40ft,DSCH,2026-02-15 1:26,2026-02-15 1:48,Y38-S26
20473,CONT943559,VESS_035,RTG25,20ft,LOAD,2026-02-01 9:57,2026-02-01 10:19,Y17-S23
20474,CONT973873,VESS_021,RTG23,20ft,LOAD,2026-03-03 13:16,2026-03-03 13:44,Y52-S11
20475,CONT853219,VESS_027,QC10,20ft,LOAD,2026-01-04 6:07,2026-01-04 6:22,Y13-S07
20476,CONT928151,VESS_104,QC02,20ft,DSCH,2026-01-18 8:27,2026-01-18 8:49,Y43-S18
20477,CONT797845,VESS_048,RTG25,20ft,LOAD,2026-01-22 14:23,2026-01-22 14:45,Y31-S13
20478,CONT285421,VESS_061,RTG29,20ft,LOAD,2026-04-04 11:01,2026-04-04 11:34,Y06-S06
20479,CONT498952,VESS_065,QC05,20ft,DSCH,2026-03-28 10:18,2026-03-28 10:50,Y18-S17
20480,CONT519128,VESS_039,RTG30,20ft,LOAD,2026-03-01 10:26,2026-03-01 10:59,Y33-S21
20481,CONT440760,VESS_057,RTG17,20ft,LOAD,2026-03-13 19:15,2026-03-13 19:25,Y59-S20
20482,CONT416057,VESS_093,RTG09,20ft,DSCH,2026-03-12 16:18,2026-03-12 16:30,Y32-S16
20483,CONT967371,VESS_005,RTG17,20ft,DSCH,2026-03-23 1:08,2026-03-23 1:43,Y26-S11
20484,CONT381232,VESS_048,QC12,40ft,DSCH,2026-01-25 8:59,2026-01-25 9:21,Y50-S12
20485,CONT877494,VESS_039,RTG13,20ft,LOAD,2026-01-08 23:50,2026-01-08 23:56,Y20-S25
20486,CONT223855,VESS_093,RTG26,20ft,DSCH,2026-02-12 23:20,2026-02-12 23:51,Y15-S11
20487,CONT602776,VESS_031,QC04,20ft,DSCH,2026-01-30 4:27,2026-01-30 4:56,Y44-S16
20488,CONT863793,VESS_082,RTG11,20ft,DSCH,2026-04-06 11:02,2026-04-06 11:35,Y06-S24
20489,CONT347373,VESS_096,RTG12,20ft,LOAD,2026-03-17 10:47,2026-03-17 11:22,Y25-S30
20490,CONT359298,VESS_057,RTG18,20ft,DSCH,2026-01-16 6:54,2026-01-16 7:10,Y56-S05
20491,CONT623456,VESS_048,RTG34,20ft,DSCH,2026-01-22 13:50,2026-01-22 14:03,Y35-S17
20492,CONT151767,VESS_109,RTG17,20ft,LOAD,2026-02-01 13:45,2026-02-01 14:15,Y25-S27
20493,CONT358429,VESS_032,RTG09,40ft,DSCH,2026-03-22 18:14,2026-03-22 18:40,Y43-S14
20494,CONT213213,VESS_106,QC11,20ft,LOAD,2026-02-07 6:40,2026-02-07 7:04,Y43-S13
20495,CONT723655,VESS_008,RTG21,20ft,LOAD,2026-03-15 9:21,2026-03-15 9:51,Y28-S03
20496,CONT721669,VESS_039,RTG14,20ft,LOAD,2026-02-12 12:48,2026-02-12 12:54,Y59-S26
20497,CONT223332,VESS_027,RTG06,20ft,LOAD,2026-01-02 16:41,2026-01-02 17:01,Y57-S12
20498,CONT425113,VESS_027,RTG23,20ft,DSCH,2026-01-16 9:24,2026-01-16 9:48,Y43-S27
20499,CONT398772,VESS_008,RTG24,20ft,LOAD,2026-03-01 6:35,2026-03-01 7:09,Y49-S02
20500,CONT768736,VESS_048,RTG11,20ft,LOAD,2026-02-28 17:19,2026-02-28 17:38,Y04-S06
20501,CONT971791,VESS_035,QC04,20ft,DSCH,2026-03-19 4:51,2026-03-19 4:58,Y54-S24
20502,CONT711424,VESS_039,RTG21,20ft,LOAD,2026-02-09 2:49,2026-02-09 3:23,Y32-S21
20503,CONT396375,VESS_027,QC12,20ft,DSCH,2026-01-07 23:23,2026-01-07 23:44,Y37-S02
20504,CONT824225,VESS_005,RTG34,40ft,DSCH,2026-03-11 15:02,2026-03-11 15:18,Y03-S25
20505,CONT896538,VESS_013,RTG16,20ft,DSCH,2026-03-08 19:18,2026-03-08 19:47,Y42-S12
20506,CONT608279,VESS_002,RTG11,20ft,LOAD,2026-03-19 0:15,2026-03-19 0:29,Y17-S29
20507,CONT507821,VESS_104,QC07,20ft,DSCH,2026-01-23 16:39,2026-01-23 16:55,Y42-S27
20508,CONT856781,VESS_082,RTG14,20ft,DSCH,2026-03-05 23:54,2026-03-06 0:06,Y29-S30
20509,CONT918414,VESS_021,QC08,20ft,LOAD,2026-04-04 8:12,2026-04-04 8:19,Y34-S21
20510,CONT729596,VESS_109,QC03,20ft,LOAD,2026-02-11 12:40,2026-02-11 13:10,Y41-S22
20511,CONT138526,VESS_055,RTG27,20ft,DSCH,2026-03-15 7:09,2026-03-15 7:38,Y24-S01
20512,CONT698568,VESS_031,RTG26,20ft,LOAD,2026-04-01 3:15,2026-04-01 3:41,Y32-S20
20513,CONT321970,VESS_002,RTG03,20ft,DSCH,2026-01-03 0:17,2026-01-03 0:45,Y44-S19
20514,CONT814457,VESS_082,RTG20,20ft,LOAD,2026-02-04 18:52,2026-02-04 19:26,Y47-S08
20515,CONT362083,VESS_055,QC11,20ft,DSCH,2026-02-06 20:26,2026-02-06 20:56,Y15-S17
20516,CONT184937,VESS_106,RTG27,20ft,DSCH,2026-01-13 16:02,2026-01-13 16:22,Y51-S16
20517,CONT398313,VESS_031,RTG07,40ft,LOAD,2026-01-25 4:21,2026-01-25 4:39,Y12-S13
20518,CONT206664,VESS_021,RTG28,20ft,DSCH,2026-03-20 9:30,2026-03-20 9:37,Y35-S27
20519,CONT310276,VESS_106,RTG15,20ft,LOAD,2026-01-20 15:35,2026-01-20 15:45,Y31-S02
20520,CONT582015,VESS_093,RTG02,20ft,DSCH,2026-03-05 22:35,2026-03-05 22:43,Y04-S16
20521,CONT900187,VESS_109,RTG09,20ft,LOAD,2026-03-22 6:27,2026-03-22 6:53,Y35-S16
20522,CONT564131,VESS_093,RTG20,20ft,LOAD,2026-02-16 12:18,2026-02-16 12:51,Y24-S27
20523,CONT939828,VESS_002,RTG10,20ft,LOAD,2026-03-22 4:29,2026-03-22 5:04,Y43-S25
20524,CONT200656,VESS_065,RTG29,20ft,LOAD,2026-01-19 4:36,2026-01-19 4:58,Y49-S06
20525,CONT681804,VESS_065,QC08,20ft,DSCH,2026-02-12 0:56,2026-02-12 1:19,Y31-S02
20526,CONT810643,VESS_061,RTG01,40ft,LOAD,2026-02-01 3:06,2026-02-01 3:19,Y07-S16
20527,CONT547993,VESS_104,RTG01,20ft,LOAD,2026-01-03 3:47,2026-01-03 4:15,Y39-S30
20528,CONT457361,VESS_002,RTG36,20ft,DSCH,2026-03-29 15:30,2026-03-29 15:59,Y05-S29
20529,CONT505653,VESS_005,RTG21,20ft,LOAD,2026-03-11 9:58,2026-03-11 10:14,Y46-S05
20530,CONT676524,VESS_048,QC03,20ft,LOAD,2026-02-21 19:34,2026-02-21 19:44,Y53-S23
20531,CONT345895,VESS_039,QC09,20ft,DSCH,2026-03-29 13:15,2026-03-29 13:50,Y17-S14
20532,CONT885777,VESS_005,QC01,20ft,LOAD,2026-03-12 19:54,2026-03-12 20:27,Y54-S23
20533,CONT763798,VESS_104,RTG29,20ft,LOAD,2026-03-30 18:37,2026-03-30 18:43,Y04-S29
20534,CONT437607,VESS_082,RTG32,20ft,DSCH,2026-03-31 19:54,2026-03-31 20:09,Y10-S19
20535,CONT612139,VESS_035,QC06,20ft,DSCH,2026-01-21 0:40,2026-01-21 1:02,Y52-S29
20536,CONT937980,VESS_109,QC11,40ft,DSCH,2026-01-23 11:33,2026-01-23 11:59,Y21-S08
20537,CONT345802,VESS_055,RTG18,20ft,DSCH,2026-03-12 0:42,2026-03-12 0:59,Y10-S14
20538,CONT701418,VESS_048,QC10,20ft,LOAD,2026-02-23 3:16,2026-02-23 3:45,Y46-S07
20539,CONT443580,VESS_002,RTG09,20ft,DSCH,2026-01-11 0:58,2026-01-11 1:10,Y20-S19
20540,CONT224635,VESS_032,QC08,20ft,LOAD,2026-02-24 21:21,2026-02-24 21:42,Y08-S23
20541,CONT987557,VESS_093,RTG05,20ft,DSCH,2026-03-18 1:50,2026-03-18 2:11,Y58-S10
20542,CONT139517,VESS_096,RTG08,20ft,LOAD,2026-02-05 2:25,2026-02-05 2:45,Y30-S26
20543,CONT475657,VESS_109,QC02,20ft,DSCH,2026-01-14 9:19,2026-01-14 9:45,Y30-S20
20544,CONT523189,VESS_039,QC03,20ft,LOAD,2026-03-09 7:03,2026-03-09 7:27,Y28-S15
20545,CONT221794,VESS_021,QC05,20ft,DSCH,2026-02-09 23:48,2026-02-10 0:00,Y27-S11
20546,CONT780032,VESS_031,RTG14,20ft,DSCH,2026-01-05 5:54,2026-01-05 6:01,Y21-S19
20547,CONT880618,VESS_008,RTG36,20ft,LOAD,2026-02-01 11:22,2026-02-01 11:35,Y60-S09
20548,CONT433713,VESS_005,QC06,20ft,LOAD,2026-03-29 11:17,2026-03-29 11:23,Y44-S10
20549,CONT482624,VESS_082,RTG29,20ft,DSCH,2026-01-15 16:29,2026-01-15 16:35,Y05-S17
20550,CONT588699,VESS_031,RTG07,40ft,LOAD,2026-03-04 12:47,2026-03-04 13:03,Y32-S30
20551,CONT147439,VESS_039,RTG16,20ft,DSCH,2026-02-13 21:48,2026-02-13 22:22,Y57-S29
20552,CONT162271,VESS_013,QC11,20ft,LOAD,2026-02-22 8:26,2026-02-22 8:34,Y12-S04
20553,CONT664303,VESS_055,RTG35,20ft,DSCH,2026-02-12 7:52,2026-02-12 8:20,Y33-S28
20554,CONT666680,VESS_032,RTG02,20ft,LOAD,2026-03-22 11:44,2026-03-22 12:01,Y35-S07
20555,CONT442260,VESS_061,RTG06,20ft,DSCH,2026-01-19 10:35,2026-01-19 10:57,Y51-S01
20556,CONT356719,VESS_008,RTG35,20ft,DSCH,2026-01-12 18:14,2026-01-12 18:37,Y42-S12
20557,CONT937120,VESS_008,RTG28,20ft,DSCH,2026-02-27 23:04,2026-02-27 23:17,Y07-S24
20558,CONT379450,VESS_109,RTG13,20ft,DSCH,2026-02-06 12:35,2026-02-06 12:50,Y34-S16
20559,CONT168805,VESS_048,RTG10,40ft,LOAD,2026-03-06 0:13,2026-03-06 0:34,Y21-S02
20560,CONT225355,VESS_031,QC10,20ft,DSCH,2026-03-25 7:00,2026-03-25 7:26,Y37-S27
20561,CONT530029,VESS_005,RTG30,40ft,LOAD,2026-01-11 19:32,2026-01-11 20:01,Y49-S08
20562,CONT137835,VESS_013,RTG17,40ft,LOAD,2026-03-23 5:44,2026-03-23 5:51,Y37-S04
20563,CONT790275,VESS_093,RTG18,40ft,LOAD,2026-02-24 11:46,2026-02-24 11:56,Y50-S30
20564,CONT790891,VESS_104,RTG27,20ft,DSCH,2026-02-21 18:50,2026-02-21 19:16,Y60-S26
20565,CONT144409,VESS_008,QC11,20ft,DSCH,2026-02-07 17:02,2026-02-07 17:29,Y11-S28
20566,CONT443166,VESS_065,RTG08,20ft,DSCH,2026-03-29 10:01,2026-03-29 10:26,Y27-S12
20567,CONT152751,VESS_031,RTG28,20ft,LOAD,2026-01-20 14:21,2026-01-20 14:46,Y09-S18
20568,CONT543371,VESS_104,RTG18,20ft,LOAD,2026-01-29 14:28,2026-01-29 14:51,Y27-S16
20569,CONT388504,VESS_021,RTG33,20ft,LOAD,2026-02-28 17:45,2026-02-28 18:04,Y44-S21
20570,CONT155050,VESS_013,RTG14,20ft,LOAD,2026-01-05 17:45,2026-01-05 17:52,Y46-S23
20571,CONT500038,VESS_035,RTG35,20ft,DSCH,2026-02-25 6:45,2026-02-25 7:10,Y48-S15
20572,CONT103510,VESS_055,RTG16,20ft,LOAD,2026-03-21 12:24,2026-03-21 12:51,Y52-S28
20573,CONT646886,VESS_061,QC12,20ft,DSCH,2026-03-08 12:46,2026-03-08 13:03,Y09-S10
20574,CONT914833,VESS_002,RTG07,40ft,DSCH,2026-01-28 7:06,2026-01-28 7:20,Y56-S20
20575,CONT832307,VESS_057,RTG11,20ft,LOAD,2026-02-11 0:00,2026-02-11 0:27,Y60-S13
20576,CONT227420,VESS_013,RTG07,40ft,LOAD,2026-01-29 5:40,2026-01-29 6:06,Y18-S10
20577,CONT351458,VESS_002,QC03,20ft,LOAD,2026-02-15 21:20,2026-02-15 21:51,Y30-S16
20578,CONT271137,VESS_021,RTG01,20ft,DSCH,2026-01-12 5:13,2026-01-12 5:46,Y13-S12
20579,CONT266758,VESS_005,RTG30,40ft,LOAD,2026-02-14 11:07,2026-02-14 11:12,Y43-S24
20580,CONT416008,VESS_002,RTG20,20ft,DSCH,2026-03-29 7:41,2026-03-29 8:00,Y19-S10
20581,CONT968634,VESS_035,QC08,20ft,DSCH,2026-02-10 14:04,2026-02-10 14:21,Y58-S28
20582,CONT961887,VESS_061,RTG05,20ft,LOAD,2026-02-19 21:35,2026-02-19 21:50,Y55-S09
20583,CONT962452,VESS_061,RTG15,40ft,LOAD,2026-04-09 21:03,2026-04-09 21:17,Y12-S27
20584,CONT109890,VESS_104,QC08,20ft,LOAD,2026-02-02 3:47,2026-02-02 4:04,Y28-S24
20585,CONT233990,VESS_039,RTG22,20ft,DSCH,2026-01-18 9:57,2026-01-18 10:13,Y39-S05
20586,CONT766561,VESS_021,RTG24,20ft,LOAD,2026-01-07 18:52,2026-01-07 19:26,Y14-S02
20587,CONT741660,VESS_035,RTG36,40ft,LOAD,2026-02-24 17:52,2026-02-24 18:27,Y14-S17
20588,CONT493427,VESS_035,RTG31,20ft,DSCH,2026-03-15 7:53,2026-03-15 7:59,Y03-S07
20589,CONT749610,VESS_104,RTG16,20ft,LOAD,2026-03-04 22:58,2026-03-04 23:11,Y53-S15
20590,CONT689959,VESS_002,RTG25,20ft,LOAD,2026-01-07 11:44,2026-01-07 11:52,Y46-S04
20591,CONT122677,VESS_106,RTG23,40ft,LOAD,2026-01-02 16:13,2026-01-02 16:45,Y39-S20
20592,CONT479520,VESS_002,QC06,20ft,LOAD,2026-03-19 22:18,2026-03-19 22:40,Y34-S22
20593,CONT472844,VESS_109,RTG33,20ft,LOAD,2026-03-26 0:41,2026-03-26 0:54,Y46-S15
20594,CONT554034,VESS_096,RTG32,20ft,DSCH,2026-01-27 1:13,2026-01-27 1:42,Y49-S29
20595,CONT747366,VESS_106,RTG31,40ft,DSCH,2026-03-30 12:10,2026-03-30 12:32,Y58-S13
20596,CONT539343,VESS_106,RTG02,20ft,DSCH,2026-02-03 12:26,2026-02-03 12:49,Y20-S07
20597,CONT248211,VESS_104,QC10,20ft,DSCH,2026-02-25 8:12,2026-02-25 8:45,Y12-S03
20598,CONT966400,VESS_021,RTG24,20ft,LOAD,2026-03-19 6:08,2026-03-19 6:31,Y13-S01
20599,CONT323210,VESS_093,QC04,40ft,DSCH,2026-01-31 6:15,2026-01-31 6:24,Y15-S21
20600,CONT533154,VESS_109,RTG11,20ft,DSCH,2026-02-26 3:25,2026-02-26 3:31,Y18-S08
20601,CONT847616,VESS_021,RTG03,20ft,LOAD,2026-02-22 10:17,2026-02-22 10:52,Y34-S08
20602,CONT750490,VESS_039,QC11,20ft,DSCH,2026-02-11 23:24,2026-02-11 23:53,Y03-S10
20603,CONT311517,VESS_027,RTG18,40ft,DSCH,2026-01-22 9:51,2026-01-22 10:00,Y14-S09
20604,CONT706660,VESS_093,QC07,20ft,LOAD,2026-02-07 0:57,2026-02-07 1:31,Y07-S03
20605,CONT808276,VESS_082,RTG14,20ft,DSCH,2026-03-30 8:21,2026-03-30 8:52,Y46-S13
20606,CONT162129,VESS_061,RTG32,20ft,DSCH,2026-03-19 1:55,2026-03-19 2:07,Y12-S18
20607,CONT548264,VESS_093,RTG16,40ft,DSCH,2026-01-16 7:28,2026-01-16 8:02,Y07-S24
20608,CONT634800,VESS_082,RTG16,20ft,DSCH,2026-02-28 23:31,2026-02-28 23:57,Y07-S10
20609,CONT348981,VESS_005,RTG31,20ft,DSCH,2026-01-19 23:53,2026-01-20 0:00,Y47-S05
20610,CONT554284,VESS_106,RTG09,40ft,DSCH,2026-02-06 18:01,2026-02-06 18:06,Y35-S30
20611,CONT495999,VESS_061,QC03,20ft,DSCH,2026-03-31 0:28,2026-03-31 0:41,Y12-S15
20612,CONT504402,VESS_031,RTG06,20ft,DSCH,2026-02-18 3:22,2026-02-18 3:52,Y29-S08
20613,CONT175744,VESS_035,RTG10,40ft,DSCH,2026-01-12 1:21,2026-01-12 1:33,Y15-S10
20614,CONT735221,VESS_057,RTG35,20ft,DSCH,2026-02-03 14:08,,Y54-S17
20615,CONT223777,VESS_031,RTG12,20ft,LOAD,2026-03-21 7:23,2026-03-21 7:35,Y39-S24
20616,CONT955940,VESS_096,RTG16,40ft,DSCH,2026-01-31 4:28,2026-01-31 4:43,Y16-S05
20617,CONT163485,VESS_055,QC12,20ft,LOAD,2026-03-13 15:46,2026-03-13 16:21,Y44-S18
20618,CONT738529,VESS_055,RTG09,20ft,DSCH,2026-02-19 0:21,2026-02-19 0:36,Y52-S23
20619,CONT170703,VESS_082,RTG01,20ft,LOAD,2026-03-02 13:55,2026-03-02 14:27,Y27-S02
20620,CONT923782,VESS_021,QC03,40ft,LOAD,2026-01-18 23:59,2026-01-19 0:19,Y44-S14
20621,CONT711213,VESS_106,RTG30,20ft,DSCH,2026-02-10 11:25,2026-02-10 11:51,Y35-S07
20622,CONT385535,VESS_055,RTG23,20ft,LOAD,2026-03-17 13:10,2026-03-17 13:44,Y34-S23
20623,CONT330362,VESS_104,QC08,20ft,DSCH,2026-01-15 12:11,2026-01-15 12:42,Y48-S29
20624,CONT607305,VESS_031,RTG24,40ft,LOAD,2026-04-03 13:25,2026-04-03 14:00,Y39-S27
20625,CONT611845,VESS_057,RTG18,20ft,DSCH,2026-02-09 5:36,2026-02-09 5:53,Y32-S30
20626,CONT330379,VESS_109,RTG13,20ft,LOAD,2026-02-10 13:40,2026-02-10 13:57,Y04-S26
20627,CONT643677,VESS_005,RTG21,20ft,LOAD,2026-01-01 16:24,2026-01-01 16:50,Y04-S09
20628,CONT538560,VESS_048,RTG17,20ft,LOAD,2026-03-23 19:17,2026-03-23 19:41,Y41-S10
20629,CONT336709,VESS_027,RTG18,20ft,LOAD,2026-01-10 0:45,2026-01-10 1:15,Y56-S17
20630,CONT704069,VESS_035,RTG19,20ft,DSCH,2026-03-25 8:04,2026-03-25 8:24,Y48-S18
20631,CONT552311,VESS_008,QC06,40ft,LOAD,2026-02-14 17:54,2026-02-14 18:18,Y25-S23
20632,CONT576011,VESS_035,RTG15,20ft,DSCH,2026-03-18 22:04,2026-03-18 22:16,Y41-S08
20633,CONT100555,VESS_008,RTG22,20ft,DSCH,2026-01-28 1:34,2026-01-28 1:48,Y39-S18
20634,CONT674603,VESS_013,RTG28,20ft,LOAD,2026-03-10 4:43,2026-03-10 5:12,Y34-S01
20635,CONT140994,VESS_032,RTG19,20ft,DSCH,2026-01-16 8:16,2026-01-16 8:46,Y26-S22
20636,CONT788723,VESS_039,RTG17,20ft,LOAD,2026-01-21 23:56,2026-01-22 0:15,Y30-S10
20637,CONT111595,VESS_021,QC06,20ft,LOAD,2026-02-10 17:01,2026-02-10 17:34,Y33-S28
20638,CONT672711,VESS_065,RTG30,40ft,LOAD,2026-04-03 17:10,2026-04-03 17:26,Y33-S23
20639,CONT873501,VESS_039,RTG34,20ft,DSCH,2026-03-13 4:57,2026-03-13 5:27,Y29-S04
20640,CONT801206,VESS_104,QC02,20ft,LOAD,2026-01-20 11:13,2026-01-20 11:40,Y41-S10
20641,CONT328999,VESS_055,QC05,20ft,DSCH,2026-02-28 6:08,2026-02-28 6:27,Y55-S07
20642,CONT378412,VESS_002,RTG33,20ft,DSCH,2026-02-13 11:41,2026-02-13 11:52,Y59-S20
20643,CONT105870,VESS_008,RTG16,20ft,LOAD,2026-02-19 22:33,2026-02-19 22:53,Y41-S05
20644,CONT401237,VESS_065,RTG17,20ft,DSCH,2026-03-15 19:41,2026-03-15 19:53,Y27-S01
20645,CONT558733,VESS_039,QC01,20ft,DSCH,2026-03-07 20:32,2026-03-07 20:46,Y06-S28
20646,CONT198070,VESS_035,QC08,20ft,DSCH,2026-01-01 14:00,2026-01-01 14:14,Y37-S30
20647,CONT151366,VESS_096,QC10,20ft,LOAD,2026-04-04 22:27,2026-04-04 22:47,Y40-S02
20648,CONT946459,VESS_093,RTG09,20ft,DSCH,2026-04-02 21:44,2026-04-02 21:49,Y17-S28
20649,CONT373702,VESS_008,RTG35,40ft,LOAD,2026-01-29 6:53,2026-01-29 7:06,Y43-S27
20650,CONT168830,VESS_008,QC07,20ft,DSCH,2026-01-12 17:22,2026-01-12 17:43,Y15-S02
20651,CONT364725,VESS_082,RTG09,20ft,LOAD,2026-04-09 22:58,2026-04-09 23:24,Y29-S24
20652,CONT567760,VESS_035,RTG30,20ft,LOAD,2026-01-01 21:52,2026-01-01 22:00,Y09-S24
20653,CONT589176,VESS_039,QC03,20ft,LOAD,2026-01-08 23:38,2026-01-08 23:51,Y07-S06
20654,CONT197321,VESS_104,QC09,20ft,DSCH,2026-01-31 2:59,2026-01-31 3:20,Y38-S29
20655,CONT843442,VESS_039,QC10,20ft,LOAD,2026-01-31 8:26,2026-01-31 8:49,Y53-S24
20656,CONT207591,VESS_031,RTG36,20ft,DSCH,2026-03-10 1:50,2026-03-10 2:09,Y13-S21
20657,CONT247577,VESS_093,QC05,20ft,LOAD,2026-01-11 20:48,2026-01-11 21:14,Y13-S22
20658,CONT258680,VESS_031,QC07,20ft,LOAD,2026-03-12 4:52,2026-03-12 5:21,Y19-S02
20659,CONT148461,VESS_065,QC05,20ft,LOAD,2026-04-02 22:12,2026-04-02 22:45,Y55-S21
20660,CONT817885,VESS_035,RTG36,40ft,LOAD,2026-03-05 10:27,2026-03-05 10:37,Y56-S19
20661,CONT357123,VESS_032,QC12,20ft,DSCH,2026-01-11 1:33,2026-01-11 2:07,Y22-S10
20662,CONT309446,VESS_057,RTG30,20ft,DSCH,2026-02-18 12:35,2026-02-18 12:43,Y24-S06
20663,CONT493740,VESS_082,RTG22,20ft,LOAD,2026-03-28 22:14,2026-03-28 22:44,Y25-S19
20664,CONT346148,VESS_013,RTG14,20ft,DSCH,2026-01-27 14:38,2026-01-27 14:45,Y45-S17
20665,CONT408838,VESS_021,QC06,20ft,DSCH,2026-03-20 18:34,2026-03-20 18:44,Y24-S18
20666,CONT353350,VESS_031,RTG25,20ft,DSCH,2026-04-02 15:32,2026-04-02 15:40,Y19-S25
20667,CONT349392,VESS_109,QC12,20ft,DSCH,2026-02-26 7:48,2026-02-26 7:58,Y42-S01
20668,CONT686548,VESS_048,RTG09,20ft,DSCH,2026-02-04 18:53,2026-02-04 19:00,Y11-S20
20669,CONT197670,VESS_032,RTG03,20ft,LOAD,2026-03-11 9:15,2026-03-11 9:21,Y13-S04
20670,CONT333543,VESS_013,RTG29,20ft,LOAD,2026-03-25 0:58,2026-03-25 1:12,Y38-S23
20671,CONT430581,VESS_048,RTG06,20ft,LOAD,2026-02-17 17:04,2026-02-17 17:23,Y41-S18
20672,CONT921833,VESS_008,RTG26,20ft,DSCH,2026-01-09 14:39,2026-01-09 14:50,Y60-S22
20673,CONT541105,VESS_048,RTG09,40ft,DSCH,2026-03-26 15:31,2026-03-26 16:05,Y59-S30
20674,CONT640874,VESS_032,RTG20,20ft,LOAD,2026-04-09 14:11,2026-04-09 14:34,Y28-S11
20675,CONT182206,VESS_021,RTG09,20ft,DSCH,2026-01-05 2:39,2026-01-05 3:07,Y09-S17
20676,CONT238341,VESS_096,RTG31,20ft,DSCH,2026-01-12 21:42,2026-01-12 21:48,Y38-S21
20677,CONT165680,VESS_109,RTG26,20ft,DSCH,2026-03-02 20:22,2026-03-02 20:34,Y25-S08
20678,CONT705352,VESS_104,RTG12,20ft,DSCH,2026-03-24 20:19,2026-03-24 20:42,Y01-S03
20679,CONT832918,VESS_065,RTG25,20ft,DSCH,2026-02-07 0:13,2026-02-07 0:37,Y40-S06
20680,CONT210795,VESS_065,RTG01,20ft,LOAD,2026-02-28 14:22,2026-02-28 14:39,Y29-S01
20681,CONT656106,VESS_005,RTG06,20ft,LOAD,2026-01-25 14:33,2026-01-25 14:57,Y35-S24
20682,CONT967881,VESS_055,RTG05,20ft,LOAD,2026-01-14 14:29,2026-01-14 14:47,Y36-S19
20683,CONT404715,VESS_032,QC05,20ft,LOAD,2026-03-21 4:22,2026-03-21 4:36,Y37-S18
20684,CONT441816,VESS_027,RTG05,20ft,LOAD,2026-02-19 20:24,2026-02-19 20:42,Y33-S24
20685,CONT822060,VESS_048,RTG30,20ft,LOAD,2026-03-19 3:17,2026-03-19 3:36,Y36-S10
20686,CONT334485,VESS_027,QC03,20ft,LOAD,2026-03-24 3:23,2026-03-24 3:35,Y25-S07
20687,CONT541137,VESS_031,RTG04,20ft,LOAD,2026-04-04 22:31,2026-04-04 22:57,Y12-S30
20688,CONT240139,VESS_104,RTG35,40ft,LOAD,2026-02-04 5:33,2026-02-04 6:07,Y33-S11
20689,CONT753023,VESS_031,QC08,20ft,LOAD,2026-03-20 18:48,2026-03-20 19:04,Y25-S23
20690,CONT462298,VESS_032,RTG16,20ft,LOAD,2026-01-25 8:01,2026-01-25 8:25,Y60-S03
20691,CONT146990,VESS_106,RTG26,20ft,LOAD,2026-01-13 16:42,2026-01-13 17:06,Y13-S30
20692,CONT930178,VESS_032,RTG05,20ft,LOAD,2026-02-11 17:25,2026-02-11 17:38,Y59-S23
20693,CONT603031,VESS_039,RTG22,40ft,DSCH,2026-01-13 19:11,2026-01-13 19:34,Y29-S08
20694,CONT780061,VESS_021,RTG19,20ft,LOAD,2026-02-17 4:29,2026-02-17 4:35,Y45-S24
20695,CONT459844,VESS_005,QC07,20ft,LOAD,2026-03-11 23:16,2026-03-11 23:31,Y06-S10
20696,CONT105694,VESS_032,RTG15,20ft,DSCH,2026-03-24 11:31,2026-03-24 11:47,Y51-S03
20697,CONT184422,VESS_061,RTG27,20ft,DSCH,2026-04-02 0:13,2026-04-02 0:25,Y02-S10
20698,CONT934687,VESS_039,RTG18,40ft,LOAD,2026-03-05 19:03,2026-03-05 19:34,Y14-S28
20699,CONT742583,VESS_031,RTG01,20ft,DSCH,2026-01-08 19:41,2026-01-08 20:01,Y10-S11
